"[D][remote.raw:028]: Received Raw: 8394, -4222, 543, -547, 543, -1604, 543, -1605, 543, -547, 543, -1604, 543, -548, 542, -1604, 543, -532, 506, -585, 505, -1642, 506, -584, 506, -604, 485, -1642, 506, -1642, 505, -1642, 506, -583, 543, -547, 543, -547, 543, -546, 544, -546, "
"[D][remote.raw:028]:   543, -547, 543, -547, 543, -547, 543, -531, 506, -584, 506, -583, 507, -584, 506, -583, 506, -585, 505, -585, 505, -584, 506, -583, 543, -1605, 542, -547, 544, -546, 543, -547, 543, -547, 542, -1605, 543, -547, 543, -532, 506, -583, 506, -584, 506, "
"[D][remote.raw:028]:   -584, 506, -584, 506, -583, 507, -584, 505, -1642, 506, -1665, 507, -584, 506, -584, 506, -583, 506, -584, 506, -585, 505, -584, 506, -583, 506, -583, 544, -546, 544, -545, 544, -547, 543, -546, 544, -546, 544, -546, 544, -546, 543, -532, 506, -582, "
"[D][remote.raw:028]:   507, -585, 505, -1642, 506, -1642, 505, -584, 506, -584, 506, -584, 506, -583, 544, -547, 542, -547, 543, -547, 543, -546, 544, -546, 544, -546, 544, -547, 542, -531, 507, -584, 506, -582, 507, -1642, 506, -1641, 507, -583, 506, -584, 506, -583, 507, "
"[D][remote.raw:028]:   -564, 563, -528, 561, -1604, 544, -546, 544, -547, 543, -546, 544, -546, 543, -546, 544, -530, 507, -1641, 507, -1640, 507, -1641, 507, -1641, 506, -583, 507, -1641, 507, -583, 507, -583, 543, -1604, 544, -1604, 543, -546, 544, -545, 545, -1604, 543, "
"[D][remote.raw:028]:   -546, 544, -547, 543, -530, 507, -583, 507, -1640, 507, -583, 507, -584, 506, -1641, 507, -583, 506, -1642, 506, -583, 959, -664, 426, -636, 456, -636, 479, -582, 481, -635, 479, -615, 429, -662, 427, -662, 429, -1693, 452, -1721, 424, -665, 454, -689, "
"[D][remote.raw:028]:   374, -638, 452, -669, 428, -660, 428, -738, 353, -635, 452, -664, 428, -636, 454, -608, 481, -637, 477, -617, 427, -689, 399, -691, 400, -1853, 296, -1693, 452, -689, 402, -663, 426, -662, 429, -613, 480, -663, 401, -1772, 401, -1722, 427, -661, 428, "
"[D][remote.raw:028]:   -661, 431, -660, 425, -692, 398, -618, 449, -1724, 427, -714, 376, -1719, 427, -743, 347, -1720, 479, -637, 400, -689, 400, -669, 427, -1747, 399, -638, 454, -1720, 427, -1721, 425, -690, 401, -661, 429, -713, 375, -722, 348, -638, 452, -688, 374, "
"[D][remote.raw:028]:   -1800, 373, -800, 290, -1722, 426, -664, 449, -1724, 423, -614, 9254, -4307, 482, -608, 456, -1691, 485, -1663, 481, -636, 428, -1694, 481, -608, 455, -1667, 481, -639, 429, -634, 480, -1694, 429, -661, 428, -663, 428, -1720, 428, -1718, 429, -1717, "
"[D][remote.raw:028]:   430, -613, 482, -633, 456, -661, 453, -611, 456, -689, 398, -637, 453, -609, 510, -633, 430, -640, 452, -637, 453, -636, 428, -663, 452, -585, 480, -635, 455, -660, 429, -661, 428, -667, 430, -1691, 455, -635, 455, -661, 454, -609, 456, -633, 457, "
"[D][remote.raw:028]:   -1691, 457, -633, 429, -667, 426, -637, 454, -662, 428, -689, 401, -634, 429, -687, 454, -663, 402, -660, 429, -614, 506, -609, 455, -634, 485, -607, 454, -637, 454, -607, 484, -632, 457, -633, 454, -617, 478, -611, 453, -661, 430, -660, 429, -688, "
"[D][remote.raw:028]:   402, -661, 429, -661, 426, -639, 453, -666, 401, -663, 481, -636, 428, -1690, 481, -1669, 454, -634, 455, -609, 481, -636, 455, -639, 430, -660, 455, -660, 430, -634, 456, -636, 451, -638, 455, -659, 403, -662, 428, -613, 482, -633, 429, -635, 482, "
"[D][remote.raw:028]:   -1692, 482, -1665, 458, -631, 457, -608, 510, -606, 454, -667, 404, -660, 430, -659, 429, -714, 375, -662, 428, -636, 455, -690, 399, -660, 455, -641, 429, -634, 457, -632, 456, -636, 481, -1640, 480, -1692, 482, -1667, 478, -584, 481, -641, 428, "
"[D][remote.raw:028]:   -1718, 430, -637, 452, -660, 430, -661, 429, -1719, 425, -664, 456, -633, 455, -641, 429, -661, 455, -581, 482, -1668, 481, -1664, 508, -1639, 483, -1665, 482, -634, 456, -636, 9678, -4526, 558, -605, 502, -604, 532, -630, 529, -637, 477, -630, 558, "
"[D][remote.raw:028]:   -554, 608, -524, 584, -605, 500, -1715, 529, -1773, 528, -1742, 555, -1712, 532, -1715, 558, -1713, 556, -1712, 560, -1715, 584, -552, 581, -524, 611, -1685, 558, -605, 528, -1688, 583, -577, 585, -548, 586, -525, 607, -1688, 582, -1689, 609, -551, "
"[D][remote.raw:028]:   557, -1687, 582, -525, 584, -1736, 559, -1659, 558, -1713, 9654, -2326, 9683, -2245, 9406, -4312, 478, -610, 452, -1725, 449, -1695, 400, -718, 372, -1723, 452, -663, 425, -1694, 481, -615, 425, -692, 425, -1749, 348, -714, 398, -692, 383, -1763, 403, "
"[D][remote.raw:028]:   -1719, 424, -1722, 428, -669, 424, -664, 428, -690, 373, -690, 427, -660, 477, -587, 428, -742, 399, -611, 425, -775, 322, -715, 373, -690, 400, -664, 399, -717, 399, -665, 424, -744, 320, -691, 423, -697, 321, -1775, 452, -690, 400, -663, 426, -664, "
"[D][remote.raw:028]:   426, -663, 426, -1721, 400, -689, 426, -669, 401, -690, 397, -770, 348, -634, 427, -745, 374, -716, 346, -796, 294, -1720, 426, -1746, 426, -690, 400, -689, 427, -690, 346, -717, 401, -638, 475, -612, 399, -743, 398, -697, 399, -691, 397, -665, 427, "
"[D][remote.raw:028]:   -663, 427, -663, 426, -664, 427, -662, 427, -744, 346, -669, 425, -662, 399, -719, 372, -1697, 450, -1749, 372, -770, 346, -718, 371, -666, 424, -669, 427, -638, 450, -798, 291, -641, 450, -691, 399, -666, 425, -688, 400, -716, 373, -671, 398, -744, "
"[D][remote.raw:028]:   346, -690, 399, -1775, 373, -1746, 401, -690, 400, -664, 426, -743, 373, -670, 397, -1749, 427, -610, 477, -1695, 426, -1695, 453, -637, 454, -1747, 399, -754, 335, -643, 452, -1695, 426, -689, 400, -717, 372, -1724, 451, -663, 374, -1835, 338, -689, "
"[D][remote.raw:028]:   402, -667, 427, -1747, 401, -744, 346, -696, 393, -636, 453, -663, 450, -666, 402, -635, 454, -666, 400, -850, 241, -1774, 370, -1830, 321, -770, 320, -2006, 193, -690, 347, -1949, 195, -772, 9089, -4287, 422, -693, 451, -1697, 451, -1774, 373, -688, "

"[D][remote.raw:028]: Received Raw: 8393, -4223, 542, -548, 542, -1605, 542, -1606, 542, -547, 542, -1606, 542, -548, 542, -1605, 542, -554, 485, -604, 486, -1641, 506, -584, 506, -585, 505, -1641, 507, -1662, 485, -1641, 507, -584, 541, -549, 541, -548, 542, -548, 542, -548, "
"[D][remote.raw:028]:   541, -548, 542, -548, 542, -548, 542, -532, 506, -584, 506, -603, 487, -603, 486, -604, 486, -584, 506, -584, 506, -603, 487, -583, 542, -1606, 541, -549, 541, -548, 542, -548, 542, -547, 542, -1606, 542, -548, 542, -553, 486, -583, 506, -604, 486, "
"[D][remote.raw:028]:   -604, 486, -583, 506, -584, 506, -605, 485, -604, 485, -584, 542, -548, 542, -548, 541, -548, 542, -549, 541, -548, 542, -548, 542, -548, 541, -552, 487, -603, 487, -604, 485, -604, 486, -604, 486, -584, 506, -604, 486, -604, 486, -583, 542, -548, 541, "
"[D][remote.raw:028]:   -548, 542, -1606, 542, -1605, 543, -547, 542, -548, 542, -548, 542, -553, 485, -583, 507, -604, 486, -604, 485, -604, 486, -604, 486, -604, 486, -603, 487, -583, 542, -548, 542, -548, 541, -1606, 541, -1607, 541, -549, 541, -549, 541, -548, 542, -532, "
"[D][remote.raw:028]:   506, -1662, 486, -604, 485, -1642, 506, -584, 506, -603, 487, -604, 486, -604, 486, -583, 542, -1606, 541, -1606, 542, -1606, 542, -1605, 543, -547, 542, -1606, 542, -548, 542, -552, 486, -1641, 506, -1642, 506, -584, 506, -603, 486, -1663, 485, -583, "
"[D][remote.raw:028]:   507, -584, 506, -583, 542, -1606, 542, -548, 542, -548, 541, -1606, 542, -547, 543, -547, 543, -1605, 542, -548, 972, -660, 429, -688, 402, -661, 429, -661, 426, -639, 453, -666, 401, -663, 481, -636, 428, -1690, 481, -1669, 454, -634, 455, -609, 481, "
"[D][remote.raw:028]:   -636, 455, -639, 430, -660, 455, -660, 430, -634, 456, -636, 451, -638, 455, -659, 403, -662, 428, -613, 482, -633, 429, -635, 482, -1692, 482, -1665, 458, -631, 457, -608, 510, -606, 454, -667, 404, -660, 430, -659, 429, -714, 375, -662, 428, -636, "
"[D][remote.raw:028]:   455, -690, 399, -660, 455, -641, 429, -634, 457, -632, 456, -636, 481, -1640, 480, -1692, 482, -1667, 478, -584, 481, -641, 428, -1718, 430, -637, 452, -660, 430, -661, 429, -1719, 425, -664, 456, -633, 455, -641, 429, -661, 455, -581, 482, -1668, 481, "
"[D][remote.raw:028]:   -1664, 508, -1639, 483, -1665, 482, -634, 456, -636, 9678, -4526, 558, -605, 502, -604, 532, -630, 529, -637, 477, -630, 558, -554, 608, -524, 584, -605, 500, -1715, 529, -1773, 528, -1742, 555, -1712, 532, -1715, 558, -1713, 556, -1712, 560, -1715, "
"[D][remote.raw:028]:   584, -552, 581, -524, 611, -1685, 558, -605, 528, -1688, 583, -577, 585, -548, 586, -525, 607, -1688, 582, -1689, 609, -551, 557, -1687, 582, -525, 584, -1736, 559, -1659, 558, -1713, 9654, -2326, 9683, -2245, 9406, -4312, 478, -610, 452, -1725, 449, "
"[D][remote.raw:028]:   -1695, 400, -718, 372, -1723, 452, -663, 425, -1694, 481, -615, 425, -692, 425, -1749, 348, -714, 398, -692, 383, -1763, 403, -1719, 424, -1722, 428, -669, 424, -664, 428, -690, 373, -690, 427, -660, 477, -587, 428, -742, 399, -611, 425, -775, 322, "
"[D][remote.raw:028]:   -715, 373, -690, 400, -664, 399, -717, 399, -665, 424, -744, 320, -691, 423, -697, 321, -1775, 452, -690, 400, -663, 426, -664, 426, -663, 426, -1721, 400, -689, 426, -669, 401, -690, 397, -770, 348, -634, 427, -745, 374, -716, 346, -796, 294, -1720, "
"[D][remote.raw:028]:   426, -1746, 426, -690, 400, -689, 427, -690, 346, -717, 401, -638, 475, -612, 399, -743, 398, -697, 399, -691, 397, -665, 427, -663, 427, -663, 426, -664, 427, -662, 427, -744, 346, -669, 425, -662, 399, -719, 372, -1697, 450, -1749, 372, -770, 346, "
"[D][remote.raw:028]:   -718, 371, -666, 424, -669, 427, -638, 450, -798, 291, -641, 450, -691, 399, -666, 425, -688, 400, -716, 373, -671, 398, -744, 346, -690, 399, -1775, 373, -1746, 401, -690, 400, -664, 426, -743, 373, -670, 397, -1749, 427, -610, 477, -1695, 426, -1695, "
"[D][remote.raw:028]:   453, -637, 454, -1747, 399, -754, 335, -643, 452, -1695, 426, -689, 400, -717, 372, -1724, 451, -663, 374, -1835, 338, -689, 402, -667, 427, -1747, 401, -744, 346, -696, 393, -636, 453, -663, 450, -666, 402, -635, 454, -666, 400, -850, 241, -1774, 370, "
"[D][remote.raw:028]:   -1830, 321, -770, 320, -2006, 193, -690, 347, -1949, 195, -772, 9089, -4287, 422, -693, 451, -1697, 451, -1774, 373, -688, 429, -1667, 454, -664, 424, -1721, 427, -642, 428, -715, 374, -1721, 426, -690, 424, -745, 321, -1773, 346, -1811, 389, -1723, "
"[D][remote.raw:028]:   399, -694, 374, -782, 333, -664, 425, -665, 399, -664, 453, -745, 344, -663, 426, -744, 346, -669, 400, -718, 372, -689, 428, -663, 397, -744, 345, -667, 425, -690, 425, -665, 424, -618, 451, -1695, 453, -663, 427, -637, 451, -665, 427, -689, 398, "
"[D][remote.raw:028]:   -1672, 478, -661, 428, -693, 374, -664, 480, -637, 400, -757, 330, -693, 397, -691, 399, -691, 398, -744, 346, -670, 426, -718, 344, -692, 425, -665, 426, -742, 347, -716, 372, -692, 450, -587, 451, -645, 424, -688, 402, -716, 372, -716, 374, -718, "
"[D][remote.raw:028]:   371, -691, 424, -691, 373, -691, 401, -666, 428, -611, 450, -718, 347, -1852, 375, -1669, 424, -716, 401, -689, 402, -636, 424, -696, 398, -746, 373, -689, 371, -719, 397, -719, 294, -823, 318, -693, 399, -715, 374, -694, 400, -662, 453, -587, 477, "
"[D][remote.raw:028]:   -1749, 399, -1774, 406, -664, 416, -641, 426, -638, 451, -722, 319, -745, 371, -693, 397, -744, 347, -689, 398, -1802, 344, -1805, 346, -717, 371, -696, 400, -1748, 425, -638, 424, -639, 452, -1694, 455, -661, 428, -1720, 426, -637, 452, -697, 374, "
"[D][remote.raw:028]:   -1718, 427, -690, 398, -693, 398, -719, 397, -638, 425, -691, 399, -662, 427, -671, 425, -612, 451, -1722, 451, -1749, 425, -1667, 455, -1720, 347, -1774, 453, -611, 503, -612, 9301, -4232, 507, -662, 427, -1722, 451, -1643, 477, -719, 371, -1720, 427, "
"[D][remote.raw:041]:   -690, 399, -1669, 506"

"[D][remote.raw:028]: Received Raw: 8364, -4237, 505, -605, 485, -1642, 506, -1661, 486, -584, 506, -1641, 507, -603, 487, -1641, 506, -584, 541, -549, 542, -1605, 542, -549, 541, -548, 542, -1604, 543, -1606, 542, -1606, 541, -553, 485, -605, 485, -583, 507, -605, 485, -604, "
"[D][remote.raw:028]:   485, -605, 485, -605, 485, -584, 506, -584, 541, -548, 542, -548, 541, -549, 541, -548, 542, -548, 542, -549, 541, -548, 542, -552, 486, -1641, 507, -583, 506, -584, 506, -605, 485, -604, 486, -1642, 505, -605, 485, -584, 542, -547, 542, -548, 542, "
"[D][remote.raw:028]:   -548, 542, -549, 541, -548, 542, -547, 542, -1605, 543, -1630, 541, -548, 542, -548, 542, -548, 542, -548, 541, -549, 541, -548, 542, -548, 542, -553, 486, -583, 506, -584, 506, -584, 506, -604, 486, -583, 506, -605, 485, -584, 506, -583, 542, -548, "
"[D][remote.raw:028]:   542, -548, 542, -1605, 542, -1607, 541, -548, 542, -548, 541, -548, 542, -553, 486, -584, 505, -604, 486, -605, 485, -604, 485, -583, 507, -585, 505, -605, 485, -583, 543, -547, 542, -548, 542, -1606, 542, -1605, 542, -548, 542, -547, 542, -549, 542, "
"[D][remote.raw:028]:   -552, 486, -604, 486, -604, 485, -605, 485, -1642, 506, -604, 486, -583, 506, -604, 486, -583, 542, -1606, 542, -1607, 541, -1606, 542, -1605, 542, -548, 542, -1605, 543, -547, 542, -553, 486, -1661, 486, -1643, 505, -604, 486, -604, 486, -1640, 507, "
"[D][remote.raw:028]:   -604, 486, -583, 507, -583, 542, -548, 542, -547, 543, -547, 542, -1606, 542, -1606, 542, -547, 542, -1606, 541, -549, 965, -1722, 428, -669, 424, -664, 428, -690, 373, -690, 427, -660, 477, -587, 428, -742, 399, -611, 425, -775, 322, -715, 373, -690, "
"[D][remote.raw:028]:   400, -664, 399, -717, 399, -665, 424, -744, 320, -691, 423, -697, 321, -1775, 452, -690, 400, -663, 426, -664, 426, -663, 426, -1721, 400, -689, 426, -669, 401, -690, 397, -770, 348, -634, 427, -745, 374, -716, 346, -796, 294, -1720, 426, -1746, 426, "
"[D][remote.raw:028]:   -690, 400, -689, 427, -690, 346, -717, 401, -638, 475, -612, 399, -743, 398, -697, 399, -691, 397, -665, 427, -663, 427, -663, 426, -664, 427, -662, 427, -744, 346, -669, 425, -662, 399, -719, 372, -1697, 450, -1749, 372, -770, 346, -718, 371, -666, "
"[D][remote.raw:028]:   424, -669, 427, -638, 450, -798, 291, -641, 450, -691, 399, -666, 425, -688, 400, -716, 373, -671, 398, -744, 346, -690, 399, -1775, 373, -1746, 401, -690, 400, -664, 426, -743, 373, -670, 397, -1749, 427, -610, 477, -1695, 426, -1695, 453, -637, 454, "
"[D][remote.raw:028]:   -1747, 399, -754, 335, -643, 452, -1695, 426, -689, 400, -717, 372, -1724, 451, -663, 374, -1835, 338, -689, 402, -667, 427, -1747, 401, -744, 346, -696, 393, -636, 453, -663, 450, -666, 402, -635, 454, -666, 400, -850, 241, -1774, 370, -1830, 321, "
"[D][remote.raw:028]:   -770, 320, -2006, 193, -690, 347, -1949, 195, -772, 9089, -4287, 422, -693, 451, -1697, 451, -1774, 373, -688, 429, -1667, 454, -664, 424, -1721, 427, -642, 428, -715, 374, -1721, 426, -690, 424, -745, 321, -1773, 346, -1811, 389, -1723, 399, -694, "
"[D][remote.raw:028]:   374, -782, 333, -664, 425, -665, 399, -664, 453, -745, 344, -663, 426, -744, 346, -669, 400, -718, 372, -689, 428, -663, 397, -744, 345, -667, 425, -690, 425, -665, 424, -618, 451, -1695, 453, -663, 427, -637, 451, -665, 427, -689, 398, -1672, 478, "
"[D][remote.raw:028]:   -661, 428, -693, 374, -664, 480, -637, 400, -757, 330, -693, 397, -691, 399, -691, 398, -744, 346, -670, 426, -718, 344, -692, 425, -665, 426, -742, 347, -716, 372, -692, 450, -587, 451, -645, 424, -688, 402, -716, 372, -716, 374, -718, 371, -691, 424, "
"[D][remote.raw:028]:   -691, 373, -691, 401, -666, 428, -611, 450, -718, 347, -1852, 375, -1669, 424, -716, 401, -689, 402, -636, 424, -696, 398, -746, 373, -689, 371, -719, 397, -719, 294, -823, 318, -693, 399, -715, 374, -694, 400, -662, 453, -587, 477, -1749, 399, -1774, "
"[D][remote.raw:028]:   406, -664, 416, -641, 426, -638, 451, -722, 319, -745, 371, -693, 397, -744, 347, -689, 398, -1802, 344, -1805, 346, -717, 371, -696, 400, -1748, 425, -638, 424, -639, 452, -1694, 455, -661, 428, -1720, 426, -637, 452, -697, 374, -1718, 427, -690, 398, "
"[D][remote.raw:028]:   -693, 398, -719, 397, -638, 425, -691, 399, -662, 427, -671, 425, -612, 451, -1722, 451, -1749, 425, -1667, 455, -1720, 347, -1774, 453, -611, 503, -612, 9301, -4232, 507, -662, 427, -1722, 451, -1643, 477, -719, 371, -1720, 427, -690, 399, -1669, 506, "
"[D][remote.raw:028]:   -588, 453, -663, 428, -1746, 374, -666, 478, -608, 453, -1696, 452, -1720, 427, -1747, 401, -642, 480, -608, 322, -869, 352, -638, 478, -689, 400, -638, 426, -663, 400, -665, 479, -747, 319, -690, 374, -716, 374, -663, 425, -691, 398, -693, 344, -797, "
"[D][remote.raw:028]:   348, -637, 451, -644, 477, -1669, 451, -613, 505, -672, 391, -636, 455, -635, 454, -1773, 374, -637, 451, -724, 345, -664, 426, -689, 403, -661, 438, -651, 429, -661, 425, -692, 399, -1720, 428, -1772, 397, -718, 348, -742, 373, -663, 428, -688, 400, "
"[D][remote.raw:028]:   -664, 425, -716, 376, -741, 372, -704, 364, -665, 428, -690, 320, -716, 478, -717, 347, -635, 454, -636, 478, -639, 425, -668, 426, -665, 372, -743, 375, -1747, 400, -1747, 400, -690, 400, -637, 452, -717, 373, -695, 397, -640, 450, -691, 402, -662, "
"[D][remote.raw:028]:   426, -637, 479, -638, 453, -663, 399, -611, 478, -618, 451, -718, 347, -743, 372, -1747, 347, -1826, 375, -716, 371, -718, 375, -687, 374, -776, 350, -659, 427, -1694, 504, -611, 427, -663, 426, -1695, 454, -1744, 402, -743, 347, -700, 368, -1723, 397, "
"[D][remote.raw:028]:   -771, 348, -687, 401, -1748, 397, -639, 454, -1718, 428, -690, 400, -615, 478, -1722, 426, -717, 346, -692, 424, -664, 426, -663, 453, -636, 427, -723, 363, -674, 399, -662, 452, -638, 426, -1747, 399, -1723, 426, -717, 347, -768, 347, -1748, 401, "
"[D][remote.raw:041]:   -720, 9188, -4284, 479, -663, 401, -1697, 475, -1671, 477, -638, 426, -1722, 426, -716, 374, -1721, 425"

"[D][remote.raw:028]: Received Raw: 8363, -4236, 507, -584, 505, -1642, 506, -1642, 506, -583, 507, -1661, 486, -584, 506, -1641, 506, -584, 542, -548, 542, -1605, 542, -548, 542, -548, 542, -1605, 542, -1606, 541, -1607, 541, -553, 486, -604, 485, -602, 488, -605, 485, -603, "
"[D][remote.raw:028]:   487, -604, 486, -583, 507, -583, 507, -583, 541, -548, 542, -548, 542, -548, 542, -548, 542, -547, 542, -548, 542, -548, 542, -553, 485, -1662, 486, -604, 486, -604, 486, -604, 486, -603, 486, -1641, 507, -584, 506, -583, 542, -548, 541, -548, 542, "
"[D][remote.raw:028]:   -548, 542, -549, 541, -548, 542, -547, 542, -549, 541, -533, 506, -584, 505, -583, 507, -604, 486, -604, 486, -583, 507, -604, 485, -605, 485, -583, 542, -548, 542, -548, 542, -548, 542, -548, 541, -548, 542, -548, 542, -548, 542, -552, 486, -583, 506, "
"[D][remote.raw:028]:   -584, 507, -1661, 486, -1641, 507, -604, 485, -605, 485, -605, 485, -584, 541, -549, 541, -548, 542, -548, 542, -547, 542, -548, 542, -548, 542, -549, 541, -552, 486, -583, 507, -583, 507, -1662, 486, -1661, 486, -583, 507, -584, 506, -604, 486, -582, "
"[D][remote.raw:028]:   543, -548, 541, -1606, 542, -548, 542, -1606, 541, -549, 541, -548, 542, -548, 542, -533, 505, -1642, 506, -1641, 506, -1663, 485, -1662, 486, -604, 485, -1663, 485, -584, 506, -584, 541, -1606, 542, -1605, 543, -548, 541, -549, 541, -1606, 542, -548, "
"[D][remote.raw:028]:   541, -548, 542, -553, 485, -584, 506, -1642, 506, -1662, 486, -1641, 506, -584, 506, -604, 486, -1641, 506, -584, 895, -1723, 399, -694, 374, -782, 333, -664, 425, -665, 399, -664, 453, -745, 344, -663, 426, -744, 346, -669, 400, -718, 372, -689, 428, "
"[D][remote.raw:028]:   -663, 397, -744, 345, -667, 425, -690, 425, -665, 424, -618, 451, -1695, 453, -663, 427, -637, 451, -665, 427, -689, 398, -1672, 478, -661, 428, -693, 374, -664, 480, -637, 400, -757, 330, -693, 397, -691, 399, -691, 398, -744, 346, -670, 426, -718, "
"[D][remote.raw:028]:   344, -692, 425, -665, 426, -742, 347, -716, 372, -692, 450, -587, 451, -645, 424, -688, 402, -716, 372, -716, 374, -718, 371, -691, 424, -691, 373, -691, 401, -666, 428, -611, 450, -718, 347, -1852, 375, -1669, 424, -716, 401, -689, 402, -636, 424, "
"[D][remote.raw:028]:   -696, 398, -746, 373, -689, 371, -719, 397, -719, 294, -823, 318, -693, 399, -715, 374, -694, 400, -662, 453, -587, 477, -1749, 399, -1774, 406, -664, 416, -641, 426, -638, 451, -722, 319, -745, 371, -693, 397, -744, 347, -689, 398, -1802, 344, -1805, "
"[D][remote.raw:028]:   346, -717, 371, -696, 400, -1748, 425, -638, 424, -639, 452, -1694, 455, -661, 428, -1720, 426, -637, 452, -697, 374, -1718, 427, -690, 398, -693, 398, -719, 397, -638, 425, -691, 399, -662, 427, -671, 425, -612, 451, -1722, 451, -1749, 425, -1667, "
"[D][remote.raw:028]:   455, -1720, 347, -1774, 453, -611, 503, -612, 9301, -4232, 507, -662, 427, -1722, 451, -1643, 477, -719, 371, -1720, 427, -690, 399, -1669, 506, -588, 453, -663, 428, -1746, 374, -666, 478, -608, 453, -1696, 452, -1720, 427, -1747, 401, -642, 480, "
"[D][remote.raw:028]:   -608, 322, -869, 352, -638, 478, -689, 400, -638, 426, -663, 400, -665, 479, -747, 319, -690, 374, -716, 374, -663, 425, -691, 398, -693, 344, -797, 348, -637, 451, -644, 477, -1669, 451, -613, 505, -672, 391, -636, 455, -635, 454, -1773, 374, -637, "
"[D][remote.raw:028]:   451, -724, 345, -664, 426, -689, 403, -661, 438, -651, 429, -661, 425, -692, 399, -1720, 428, -1772, 397, -718, 348, -742, 373, -663, 428, -688, 400, -664, 425, -716, 376, -741, 372, -704, 364, -665, 428, -690, 320, -716, 478, -717, 347, -635, 454, "
"[D][remote.raw:028]:   -636, 478, -639, 425, -668, 426, -665, 372, -743, 375, -1747, 400, -1747, 400, -690, 400, -637, 452, -717, 373, -695, 397, -640, 450, -691, 402, -662, 426, -637, 479, -638, 453, -663, 399, -611, 478, -618, 451, -718, 347, -743, 372, -1747, 347, -1826, "
"[D][remote.raw:028]:   375, -716, 371, -718, 375, -687, 374, -776, 350, -659, 427, -1694, 504, -611, 427, -663, 426, -1695, 454, -1744, 402, -743, 347, -700, 368, -1723, 397, -771, 348, -687, 401, -1748, 397, -639, 454, -1718, 428, -690, 400, -615, 478, -1722, 426, -717, "
"[D][remote.raw:028]:   346, -692, 424, -664, 426, -663, 453, -636, 427, -723, 363, -674, 399, -662, 452, -638, 426, -1747, 399, -1723, 426, -717, 347, -768, 347, -1748, 401, -720, 9188, -4284, 479, -663, 401, -1697, 475, -1671, 477, -638, 426, -1722, 426, -716, 374, -1721, "
"[D][remote.raw:028]:   425, -802, 295, -690, 397, -1750, 399, -611, 478, -689, 401, -1720, 427, -1669, 477, -1697, 449, -643, 451, -667, 400, -689, 428, -688, 373, -663, 400, -797, 320, -657, 459, -688, 373, -750, 347, -690, 399, -689, 402, -718, 371, -636, 452, -638, 399, "
"[D][remote.raw:028]:   -718, 451, -664, 400, -668, 424, -1749, 398, -638, 427, -691, 399, -691, 451, -637, 427, -1722, 451, -585, 452, -671, 400, -740, 373, -637, 454, -662, 428, -663, 453, -744, 318, -663, 427, -664, 399, -748, 345, -747, 345, -690, 399, -703, 386, -663, "
"[D][remote.raw:028]:   428, -664, 477, -691, 346, -744, 371, -618, 451, -691, 400, -664, 425, -770, 346, -637, 426, -663, 452, -610, 454, -612, 480, -667, 400, -714, 402, -662, 425, -1698, 425, -1720, 454, -662, 427, -639, 451, -612, 450, -643, 454, -662, 425, -639, 451, "
"[D][remote.raw:028]:   -690, 401, -689, 322, -820, 349, -742, 347, -636, 453, -642, 428, -689, 399, -690, 400, -1723, 422, -1908, 296, -635, 425, -692, 372, -689, 426, -617, 454, -687, 429, -636, 426, -1749, 400, -636, 453, -1669, 505, -1641, 479, -612, 504, -616, 426, "
"[D][remote.raw:028]:   -1721, 479, -610, 425, -665, 427, -1720, 346, -771, 400, -1719, 427, -691, 400, -668, 450, -1644, 503, -665, 402, -662, 427, -635, 454, -636, 453, -663, 427, -665, 425, -643, 372, -743, 400, -1748, 398, -691, 424, -641, 477, -715, 347, -666, 371, "
"[D][remote.raw:041]:   -1799, 377, -714, 9221, -4311, 429, -687, 400, -1669, 479, -1720, 480, -584, 452, -1722, 427, -689, 401, -1719, 427"
 